{
  "camera": {
    "field": 60,
    "background": [ 0, 0, 0.1 ]
  },

  "objects": [
    {
      "type": "plane",
      "position": [ 0, -2, 0 ],
      "normal": [ 0, 1, 0 ],
      "material": {
        "ambient": [ 0.2, 0.2, 0.2 ],
        "diffuse": [ 0.12, 0.24, 0.56 ]
      }
    },
    {
      "type": "csgobject",
      "material": {
        "ambient": [ 0.6, 0.15, 0.35 ],
        "diffuse": [ 0.2, 0.2, 0.2 ]
      },
      "operation": "intersection",
      "first": {
        "type": "sphere",
        "radius": 0.95,
        "position": [0.1677, 0.024, -3.8688]
      },
      "second": {
        "type": "mesh",
        "triangles": [
          [
            [ -0.7677174776950939, -0.612014923750418, -4.131226452169116 ],
            [ 0.1758560564556721, 0.9780455050077066, -4.501270198371261 ],
            [ 0.19024502946431004, -0.262331311658041, -4.990183368486038 ]
          ],
          [
            [ -0.7677174776950939, -0.612014923750418, -4.131226452169116 ],
            [ -0.7821064507037319, 0.6283618929153296, -3.6423132820543396 ],
            [ 0.1758560564556721, 0.9780455050077066, -4.501270198371261 ]
          ],
          [
            [ -0.7677174776950939, -0.612014923750418, -4.131226452169116 ],
            [ 0.14518992592587793, 0.2863611591588771, -2.7473637271757294 ],
            [ -0.7821064507037319, 0.6283618929153296, -3.6423132820543396 ]
          ],
          [
            [ -0.7677174776950939, -0.612014923750418, -4.131226452169116 ],
            [ 0.15957889893451588, -0.9540156575068706, -3.236276897290506 ],
            [ 0.14518992592587793, 0.2863611591588771, -2.7473637271757294 ]
          ],
          [
            [ -0.7821064507037319, 0.6283618929153296, -3.6423132820543396 ],
            [ 1.1031524330852818, 0.636044771251254, -3.6063206434926505 ],
            [ 0.1758560564556721, 0.9780455050077066, -4.501270198371261 ]
          ],
          [
            [ -0.7821064507037319, 0.6283618929153296, -3.6423132820543396 ],
            [ 0.14518992592587793, 0.2863611591588771, -2.7473637271757294 ],
            [ 1.1031524330852818, 0.636044771251254, -3.6063206434926505 ]
          ],
          [
            [ 0.19024502946431004, -0.262331311658041, -4.990183368486038 ],
            [ 0.1758560564556721, 0.9780455050077066, -4.501270198371261 ],
            [ 1.1031524330852818, 0.636044771251254, -3.6063206434926505 ]
          ],
          [
            [ 0.19024502946431004, -0.262331311658041, -4.990183368486038 ],
            [ 1.1031524330852818, 0.636044771251254, -3.6063206434926505 ],
            [ 1.1175414060939197, -0.6043320454144935, -4.095233813607427 ]
          ],
          [
            [ -0.7677174776950939, -0.612014923750418, -4.131226452169116 ],
            [ 0.19024502946431004, -0.262331311658041, -4.990183368486038 ],
            [ 1.1175414060939197, -0.6043320454144935, -4.095233813607427 ]
          ],
          [
            [ -0.7677174776950939, -0.612014923750418, -4.131226452169116 ],
            [ 1.1175414060939197, -0.6043320454144935, -4.095233813607427 ],
            [ 0.15957889893451588, -0.9540156575068706, -3.236276897290506 ]
          ],
          [
            [ 0.15957889893451588, -0.9540156575068706, -3.236276897290506 ],
            [ 1.1175414060939197, -0.6043320454144935, -4.095233813607427 ],
            [ 1.1031524330852818, 0.636044771251254, -3.6063206434926505 ]
          ],
          [
            [ 0.15957889893451588, -0.9540156575068706, -3.236276897290506 ],
            [ 1.1031524330852818, 0.636044771251254, -3.6063206434926505 ],
            [ 0.14518992592587793, 0.2863611591588771, -2.7473637271757294 ]
          ]
        ]
      }
    }
  ],

  "lights": [
    {
      "type": "ambient",
      "color": [ 0.7, 0.7, 0.7 ]
    },
    {
      "type": "directional",
      "color": [ 0.9, 0.9, 0.9 ],
      "direction": [ -0.1, -1, 0 ]
    },
    {
      "type": "point",
      "color": [ 0.6, 0.6, 0.0 ],
      "position": [ -1, 8, 1 ]
    },
    {
      "type": "spot",
      "color": [ 0.2, 0.32, 0.85 ],
      "position": [ -2, 3.9, 1.5 ],
      "direction": [ 0.4, -0.8, -1 ],
      "cutoff": 10,
      "_comment": "cutoff is half angle of cone, in degrees"
    }
  ]
}